City,Country,Lat,Lng,Max Temp,Humidity,Cloudiness,Wind Speed,Current Description
Rio Gallegos,AR,-51.6226,-69.2181,59.05,36,0,26.46,clear sky
Bafq,IR,31.6128,55.4107,73.49,41,86,11.14,overcast clouds
Gouyave,GD,12.1646,-61.7296,83.17,74,20,17.27,few clouds
Aksarka,RU,66.5606,67.7975,19.69,95,55,7.56,broken clouds
Saint-Philippe,RE,-21.3585,55.7679,71.19,83,31,11.41,scattered clouds
Vaini,TO,-21.2,-175.2,73.56,88,75,10.36,broken clouds
Peniche,PT,39.3558,-9.3811,62.46,75,98,8.77,overcast clouds
Oranjemund,NA,-28.55,16.4333,56.55,86,0,12.64,clear sky
Asmar,AF,35.0333,71.3581,74.93,27,0,8.7,clear sky
Rikitea,PF,-23.1203,-134.9692,77.54,83,75,12.08,broken clouds
Leh,IN,34.1667,77.5833,48.15,45,95,5.39,overcast clouds
Castro,BR,-24.7911,-50.0119,65.07,52,78,4.43,broken clouds
Puerto Ayora,EC,-0.7393,-90.3518,80.56,80,45,10.11,scattered clouds
Lorengau,PG,-2.0226,147.2712,82.18,82,77,12.71,broken clouds
Kangaatsiaq,GL,68.3065,-53.4641,27.52,75,6,7.07,clear sky
Jamestown,US,42.097,-79.2353,63.52,41,0,14.97,clear sky
Hermanus,ZA,-34.4187,19.2345,55.8,79,15,7.31,few clouds
Cairns,AU,-16.9167,145.7667,76.95,90,40,8.05,scattered clouds
Codrington,AU,-38.2667,141.9667,52.21,84,61,7.9,broken clouds
Ushuaia,AR,-54.8,-68.3,53.26,47,20,17.27,few clouds
Qaanaaq,GL,77.484,-69.3632,20.1,74,100,0.85,overcast clouds
Esperance,AU,-33.8667,121.9,57.65,48,100,17.54,overcast clouds
Kaitangata,NZ,-46.2817,169.8464,54.0,92,100,2.84,light rain
Hervey Bay,AU,-25.2986,152.8535,69.49,92,96,13.27,light rain
Port Alfred,ZA,-33.5906,26.891,64.18,82,100,4.0,overcast clouds
Georgetown,MY,5.4112,100.3354,84.13,84,20,2.3,few clouds
New Norfolk,AU,-42.7826,147.0587,53.1,68,100,1.01,overcast clouds
Butaritari,KI,3.0707,172.7902,81.25,80,100,15.26,light rain
Busselton,AU,-33.65,115.3333,59.74,66,91,3.0,overcast clouds
Klaksvik,FO,62.2266,-6.589,47.32,69,100,2.86,overcast clouds
Kapaa,US,22.0752,-159.319,80.58,83,100,20.71,overcast clouds
Muros,ES,42.7762,-9.0603,72.68,69,100,5.26,overcast clouds
Klamath Falls,US,42.2249,-121.7817,48.85,79,75,18.41,broken clouds
Atuona,PF,-9.8,-139.0333,78.6,70,32,16.75,scattered clouds
Bluff,NZ,-46.6,168.3333,57.79,97,100,9.13,moderate rain
Namatanai,PG,-3.6667,152.4333,79.2,84,52,8.01,broken clouds
Samarai,PG,-10.6167,150.6667,82.63,80,47,12.12,scattered clouds
Jaypur,IN,18.85,82.5833,78.46,69,34,5.7,scattered clouds
Kodiak,US,57.79,-152.4072,53.11,43,0,10.36,clear sky
Chokurdakh,RU,70.6333,147.9167,14.11,95,100,10.67,overcast clouds
Broome,US,42.2506,-75.833,57.85,39,0,12.66,clear sky
Carnarvon,AU,-24.8667,113.6333,66.27,77,75,5.75,broken clouds
Bengkulu,ID,-3.8004,102.2655,76.08,88,100,5.46,light rain
Guerrero Negro,MX,27.9769,-114.0611,68.85,59,11,14.12,few clouds
Dikson,RU,73.5069,80.5464,8.08,96,100,8.08,overcast clouds
Bethel,US,41.3712,-73.414,55.02,56,75,14.97,broken clouds
Myaundzha,RU,63.0494,147.1858,17.55,96,100,4.0,overcast clouds
Kavieng,PG,-2.5744,150.7967,82.85,76,62,18.03,broken clouds
Srednekolymsk,RU,67.45,153.6833,21.85,95,99,8.03,light snow
Hilo,US,19.7297,-155.09,87.28,81,20,1.01,few clouds
Sao Filipe,CV,14.8961,-24.4956,73.49,79,75,16.2,broken clouds
Thompson,CA,55.7435,-97.8558,66.36,52,40,9.22,scattered clouds
Khatanga,RU,71.9667,102.5,-11.2,100,97,5.35,overcast clouds
Synya,RU,65.3718,58.0387,37.71,99,100,7.87,overcast clouds
Chernyshevskiy,RU,63.0128,112.4714,40.17,95,100,11.54,moderate rain
Talnakh,RU,69.4865,88.3972,7.23,81,5,13.73,clear sky
Barrow,US,71.2906,-156.7887,21.22,93,100,10.36,overcast clouds
Puksoozero,RU,62.5903,40.6066,50.11,74,22,11.36,few clouds
Eyl,SO,7.9803,49.8164,83.5,80,46,14.0,scattered clouds
Chapais,CA,49.7834,-74.8492,46.18,38,11,3.83,few clouds
Yellowknife,CA,62.456,-114.3525,37.92,100,100,24.16,mist
Oktyabrskiy,RU,54.4815,53.471,45.88,57,5,3.29,clear sky
Orlik,RU,52.5178,99.825,42.94,64,0,4.68,clear sky
Margate,GB,51.3813,1.3862,55.31,89,5,7.0,clear sky
Upington,ZA,-28.4478,21.2561,59.38,47,0,10.36,clear sky
Pangnirtung,CA,66.1451,-65.7125,15.8,86,75,4.61,broken clouds
Ilulissat,GL,69.2167,-51.1,28.42,59,0,6.91,clear sky
Merauke,ID,-8.4667,140.3333,79.03,89,100,11.5,overcast clouds
Lodja,CD,-3.4833,23.4333,74.79,87,97,1.77,light rain
Rafai,CF,4.95,23.9167,72.95,88,100,4.05,light rain
Pijijiapan,MX,15.7011,-93.23,94.98,46,5,10.0,clear sky
Portland,US,45.5234,-122.6762,54.23,76,100,9.22,overcast clouds
Punta Arenas,CL,-53.15,-70.9167,51.12,66,39,27.67,scattered clouds
Arraial Do Cabo,BR,-22.9661,-42.0278,75.06,78,40,9.22,scattered clouds
Ocampo,MX,21.65,-101.5,83.71,13,4,9.64,clear sky
Svetlaya,RU,46.5389,138.3297,41.07,91,100,9.15,overcast clouds
Tabou,CI,4.423,-7.3528,81.75,79,100,8.43,overcast clouds
Mar Del Plata,AR,-38.0023,-57.5575,73.42,65,0,19.57,clear sky
Waipawa,NZ,-41.4122,175.5153,56.14,74,100,15.35,overcast clouds
Tairua,NZ,-37.0167,175.85,54.66,79,61,4.65,broken clouds
Victoria,HK,22.2855,114.1577,77.05,78,100,5.01,overcast clouds
Coihaique,CL,-45.5752,-72.0662,56.01,88,100,6.91,light rain
Vohibinany,MG,-17.35,49.0333,70.68,99,90,1.95,overcast clouds
Mahebourg,MU,-20.4081,57.7,77.25,83,75,5.75,broken clouds
Hobart,AU,-42.8794,147.3294,53.46,77,100,12.66,overcast clouds
Bontang,ID,0.1333,117.5,78.17,88,100,3.85,overcast clouds
Faanui,PF,-16.4833,-151.75,81.03,77,0,7.7,clear sky
Inhambane,MZ,-23.865,35.3833,71.37,81,0,4.76,clear sky
Lagoa,PT,39.05,-27.9833,60.96,67,52,4.7,broken clouds
Ribeira Grande,PT,38.5167,-28.7,64.8,63,20,8.05,few clouds
Saint Anthony,US,45.0205,-93.218,74.3,30,0,20.71,clear sky
Labuhan,ID,-6.8844,112.2051,79.25,87,72,5.53,broken clouds
Bredasdorp,ZA,-34.5322,20.0403,56.1,85,52,2.93,broken clouds
Sao Felix Do Xingu,BR,-6.6447,-51.995,88.12,55,36,4.97,scattered clouds
Mandan,US,46.8267,-100.8896,75.36,62,0,23.02,clear sky
Bardiyah,LY,31.7561,25.0865,65.32,68,92,14.88,overcast clouds
Anloga,GH,5.7947,0.8973,82.13,80,69,10.11,broken clouds
Saskylakh,RU,71.9167,114.0833,0.01,98,15,7.11,few clouds
Vaitape,PF,-16.5167,-151.75,81.01,77,0,7.72,clear sky
Havre-Saint-Pierre,CA,50.2334,-63.5986,41.36,52,0,17.27,clear sky
San Quintin,MX,30.4833,-115.95,65.43,71,10,12.24,clear sky
Havoysund,NO,70.9963,24.6622,35.83,98,100,36.22,overcast clouds
Huarmey,PE,-10.0681,-78.1522,71.02,77,14,12.06,few clouds
Ixtapa,MX,20.7,-105.2,81.63,61,0,10.36,clear sky
Fortuna,US,40.5982,-124.1573,54.66,91,100,13.8,overcast clouds
New Philadelphia,US,40.4898,-81.4457,61.92,69,100,11.5,overcast clouds
Bataipora,BR,-22.2953,-53.2711,78.64,43,8,6.44,clear sky
Clyde River,CA,70.4692,-68.5914,19.63,86,100,3.44,overcast clouds
Lakatoro,VU,-16.0999,167.4164,79.21,72,32,18.14,scattered clouds
Cape Town,ZA,-33.9258,18.4232,58.91,74,7,11.01,clear sky
Mandiana,GN,10.6333,-8.6833,85.66,44,80,2.75,light rain
East London,ZA,-33.0153,27.9116,65.03,91,100,15.93,moderate rain
Mataura,NZ,-46.1927,168.8643,57.47,98,100,2.15,overcast clouds
Sao Joao Da Barra,BR,-21.6403,-41.0511,78.89,67,1,16.46,clear sky
Paamiut,GL,61.994,-49.6678,34.2,86,82,13.06,broken clouds
Nikolskoye,RU,59.7035,30.7861,52.72,86,99,3.13,overcast clouds
Avera,US,33.194,-82.5271,71.11,43,72,15.93,broken clouds
Tuatapere,NZ,-46.1333,167.6833,55.62,97,100,0.81,moderate rain
Brae,GB,60.3964,-1.353,45.32,63,98,8.5,overcast clouds
Camana,PE,-16.6228,-72.7111,69.1,76,80,6.22,broken clouds
Albany,US,42.6001,-73.9662,60.46,34,100,3.0,overcast clouds
Tuktoyaktuk,CA,69.4541,-133.0374,32.0,86,75,16.11,broken clouds
Lebu,CL,-37.6167,-73.65,58.24,74,5,7.99,clear sky
Matehuala,MX,23.65,-100.65,90.18,18,2,3.58,clear sky
Dukat,RU,62.55,155.55,20.89,95,100,3.53,light snow
Pitkyaranta,RU,61.5734,31.4792,44.83,91,100,16.67,light rain
Gat,IL,31.61,34.7642,65.08,71,67,4.52,broken clouds
Kruisfontein,ZA,-34.0033,24.7314,56.88,83,100,4.74,overcast clouds
Poum,NC,-20.2333,164.0167,76.84,70,34,17.69,scattered clouds
Kirakira,SB,-10.4544,161.9205,80.29,84,60,9.46,broken clouds
Hay River,CA,60.8156,-115.7999,33.78,100,100,17.27,light rain
Linhares,BR,-19.3911,-40.0722,76.96,69,10,9.64,clear sky
Nemuro,JP,43.3236,145.575,45.82,99,100,26.51,moderate rain
Daltenganj,IN,24.0333,84.0667,82.83,35,0,4.68,clear sky
Norman Wells,CA,65.282,-126.8329,41.04,60,75,4.61,shower rain
Avarua,CK,-21.2078,-159.775,82.45,78,40,4.61,scattered clouds
Pierre,US,44.3683,-100.351,74.86,52,0,27.63,clear sky
Pevek,RU,69.7008,170.3133,24.46,92,100,5.55,overcast clouds
Tasiilaq,GL,65.6145,-37.6368,32.16,67,94,5.82,overcast clouds
Odweyne,SO,9.4092,45.064,80.53,53,34,15.39,scattered clouds
Jequitinhonha,BR,-16.4339,-41.0033,76.77,85,100,5.03,overcast clouds
Terney,RU,45.0503,136.6092,40.57,77,96,8.68,overcast clouds
Lompoc,US,34.6391,-120.4579,77.68,64,0,18.41,clear sky
Bahar,IR,34.9072,48.4414,53.76,24,0,6.91,clear sky
Vila Franca Do Campo,PT,37.7167,-25.4333,66.61,90,96,1.34,overcast clouds
Cosamaloapan,MX,18.3667,-95.8,106.11,23,100,4.29,overcast clouds
Kirkland Lake,CA,48.1446,-80.0377,52.09,24,79,5.23,broken clouds
Planadas,CO,3.197,-75.6451,66.63,82,89,3.09,overcast clouds
Broken Hill,AU,-31.95,141.4333,49.08,71,0,7.09,clear sky
San Andres,CO,12.5847,-81.7006,86.02,74,40,5.75,scattered clouds
Vao,NC,-22.6667,167.4833,74.1,62,77,19.3,broken clouds
Saldanha,ZA,-33.0117,17.9442,59.04,69,0,22.79,clear sky
Lazaro Cardenas,MX,17.9583,-102.2,84.11,58,100,11.5,overcast clouds
Port Elizabeth,ZA,-33.918,25.5701,61.09,78,20,4.61,few clouds
Vega De Alatorre,MX,20.0333,-96.6333,88.23,64,14,10.89,few clouds
Manaure,CO,11.7751,-72.4445,87.75,57,100,15.17,overcast clouds
Faya,SA,18.3851,42.4509,66.31,41,84,4.63,broken clouds
Coquimbo,CL,-29.9533,-71.3436,58.73,77,100,3.44,overcast clouds
Mandera,KE,3.9366,41.867,84.83,59,100,13.22,overcast clouds
West Odessa,US,31.8424,-102.4988,102.47,4,0,11.5,clear sky
Sayyan,YE,15.1718,44.3244,68.54,38,58,2.08,broken clouds
Belawan,ID,3.7755,98.6832,77.29,82,100,4.03,light rain
Vardo,NO,70.3705,31.1107,37.22,76,13,29.19,few clouds
Hamilton,US,39.1834,-84.5333,60.6,76,100,18.41,overcast clouds
Novaya Bryan,RU,51.7159,108.2691,42.42,79,7,4.79,clear sky
Healdsburg,US,38.6105,-122.8692,70.11,50,20,16.11,few clouds
Usta Muhammad,PK,28.1794,68.0445,94.46,19,1,9.1,clear sky
Diamantino,BR,-14.4086,-56.4461,85.42,35,0,7.47,clear sky
Olga,RU,43.7444,135.2892,43.95,58,2,11.48,clear sky
Clarence Town,AU,-32.5833,151.7833,51.85,76,7,4.61,clear sky
Souillac,MU,-20.5167,57.5167,75.58,83,75,5.75,broken clouds
Borogontsy,RU,62.6683,131.1683,27.86,93,100,2.8,overcast clouds
Yakeshi,CN,49.2833,120.7333,40.87,28,0,5.06,clear sky
Leningradskiy,RU,69.3833,178.4167,22.46,93,98,2.26,overcast clouds
Port Macquarie,AU,-31.4333,152.9167,50.9,68,78,6.76,broken clouds
Texarkana,US,33.4251,-94.0477,83.14,56,0,8.99,clear sky
Shenzhen,CN,22.5455,114.0683,77.27,86,100,2.51,overcast clouds
Nabire,ID,-3.3667,135.4833,75.9,96,100,3.0,overcast clouds
Sadiqabad,PK,28.3062,70.1307,95.59,21,0,16.49,clear sky
Sitka,US,57.0531,-135.33,46.29,71,40,5.75,scattered clouds
Matane,CA,48.8286,-67.522,38.71,52,4,3.76,clear sky
Flagstaff,US,35.1981,-111.6513,76.66,18,0,18.41,clear sky
High Level,CA,58.5169,-117.136,37.51,93,100,11.5,light rain
Mount Isa,AU,-20.7333,139.5,60.57,44,0,5.75,clear sky
Camacha,PT,33.0833,-16.3333,60.22,77,20,10.36,few clouds
Zhangye,CN,38.9342,100.4517,58.91,27,100,3.27,light rain
Los Llanos De Aridane,ES,28.6585,-17.9182,67.12,83,20,13.8,few clouds
College,US,64.8569,-147.8028,46.2,91,75,1.01,broken clouds
Butembo,CD,0.15,29.2833,58.48,91,95,3.94,overcast clouds
Gamba,GA,-2.65,10.0,77.32,85,48,2.21,scattered clouds
Eureka,US,40.8021,-124.1637,54.93,69,43,8.01,scattered clouds
Dongsheng,CN,39.8161,109.9776,46.4,88,100,8.48,overcast clouds
Fort Nelson,CA,58.8053,-122.7002,40.59,70,100,20.71,light rain
Gibara,CU,21.1097,-76.1317,90.72,56,81,6.67,broken clouds
Corn Island,NI,12.1694,-83.0418,82.35,78,98,8.93,overcast clouds
Socol,RO,44.8608,21.3703,64.49,46,100,11.56,light rain
Inuvik,CA,68.3499,-133.7218,40.06,52,20,8.05,few clouds
Krasnogvardeyets,RU,52.6804,52.3635,46.31,47,100,4.68,overcast clouds
Kuusamo,FI,65.9667,29.1833,39.24,75,0,8.05,clear sky
Noumea,NC,-22.2763,166.4572,75.0,99,97,9.37,overcast clouds
Alberton,CA,46.8168,-64.0654,39.33,50,2,9.73,clear sky
Cayenne,GF,4.9333,-52.3333,83.08,1,100,11.5,light rain
Vallenar,CL,-28.5708,-70.7581,72.16,47,100,7.11,overcast clouds
Banda Aceh,ID,5.5577,95.3222,79.74,81,100,9.28,overcast clouds
Saint-Pierre,RE,-21.3393,55.4781,73.08,78,0,5.75,clear sky
Airai,TL,-8.9266,125.4092,60.69,96,58,4.5,broken clouds
Fenoarivo,MG,-18.933,47.4354,64.47,94,75,8.05,broken clouds
Meulaboh,ID,4.1363,96.1285,76.71,91,100,6.44,light rain
Provideniya,RU,64.3833,-173.3,31.75,90,100,7.4,overcast clouds
Mangrol,IN,21.1167,70.1167,81.93,74,0,15.03,clear sky
Kununurra,AU,-15.7667,128.7333,71.58,37,0,6.91,clear sky
Caarapo,BR,-22.6342,-54.8222,76.24,46,6,5.95,clear sky
San Juan,AR,-31.5375,-68.5364,79.92,17,100,9.31,overcast clouds
Keetmanshoop,NA,-26.5833,18.1333,52.72,46,0,13.8,clear sky
Chaihe,CN,44.7667,129.7,36.16,88,99,1.43,overcast clouds
Gosainganj,IN,26.5833,82.3833,88.27,27,0,3.27,clear sky
Bubaque,GW,11.2833,-15.8333,77.7,76,4,16.46,clear sky
Tonj,SS,7.2737,28.6822,78.53,75,100,1.25,light rain
Ilo,PE,-17.6394,-71.3375,67.06,77,100,8.05,overcast clouds
Parker,US,32.7668,-97.8003,90.0,65,0,12.68,clear sky
Hithadhoo,MV,-0.6,73.0833,84.11,77,13,15.9,few clouds
Hualmay,PE,-11.0964,-77.6139,70.83,74,29,13.22,scattered clouds
San Luis Jilotepeque,GT,14.65,-89.7333,97.23,42,25,4.63,scattered clouds
Maraa,BR,-1.8333,-65.3667,79.45,91,100,3.31,overcast clouds
Bismarck,US,46.8083,-100.7837,75.65,61,0,23.02,clear sky
Puro,PH,12.4841,123.3827,81.12,80,11,10.07,few clouds
Luderitz,NA,-26.6481,15.1594,58.14,68,0,22.93,clear sky
Axim,GH,4.8699,-2.2405,81.25,80,100,6.22,overcast clouds
Grindavik,IS,63.8424,-22.4338,46.87,76,75,24.16,broken clouds
Wad Rawah,SD,15.1603,33.1397,96.42,6,35,16.46,scattered clouds
Jiuquan,CN,39.7432,98.5174,56.93,28,100,6.04,overcast clouds
Zaltan,LY,32.947,11.8665,67.33,50,1,6.08,clear sky
Aguas Formosas,BR,-17.0822,-40.9358,72.23,89,92,3.47,overcast clouds
Taoudenni,ML,22.6783,-3.9836,93.22,9,0,9.86,clear sky
Lata,PT,40.1629,-8.3327,66.29,56,100,3.53,overcast clouds
Xining,CN,36.6167,101.7667,55.33,50,100,9.71,overcast clouds
Wajima,JP,37.4,136.9,52.79,59,17,8.41,few clouds
Iskateley,RU,67.6803,53.1512,36.68,100,100,12.82,overcast clouds
Pokhara,NP,28.2333,83.9833,68.43,70,98,5.39,overcast clouds
Khani,GE,41.9563,42.9566,44.17,98,100,2.82,overcast clouds
Nishihara,JP,26.1842,127.7558,74.48,94,75,12.66,mist
Aykhal,RU,66.0,111.5,32.25,98,100,8.81,overcast clouds
Biak,ID,-0.9131,122.8766,77.22,87,92,3.33,overcast clouds
Beringovskiy,RU,63.05,179.3167,30.76,88,99,6.29,overcast clouds
Brownwood,US,31.7093,-98.9912,105.8,18,0,14.27,clear sky
Marsa Matruh,EG,31.3525,27.2453,66.51,63,100,11.86,overcast clouds
Ponta Do Sol,PT,32.6667,-17.1,66.13,68,13,7.27,few clouds
Te Anau,NZ,-45.4167,167.7167,56.08,98,100,2.68,moderate rain
Mukhen,RU,48.1,136.1,40.06,89,100,7.85,overcast clouds
Constitucion,CL,-35.3333,-72.4167,63.75,57,0,8.97,clear sky
Deputatskiy,RU,69.3,139.9,-1.57,98,51,6.06,broken clouds
Santa Maria,BR,-29.6842,-53.8069,67.37,66,0,5.59,clear sky
Slave Lake,CA,55.2834,-114.769,40.98,81,100,16.11,overcast clouds
Bay Roberts,CA,47.5999,-53.2648,43.66,60,100,8.99,overcast clouds
Shemysheyka,RU,52.892,45.3928,43.93,56,0,6.6,clear sky
Chuy,UY,-33.6971,-53.4616,69.93,57,16,4.5,few clouds
Butler,US,39.4501,-84.5666,60.67,74,100,14.97,overcast clouds
Nagua,DO,19.3832,-69.8474,89.91,62,40,11.5,scattered clouds
Kieta,PG,-6.2167,155.6333,78.57,84,75,0.56,broken clouds
Promyshlennyy,RU,67.5833,63.9167,31.84,98,100,9.62,overcast clouds
Rawlins,US,41.7911,-107.2387,49.89,46,100,28.77,overcast clouds
Cuicatlan,MX,17.8,-96.9667,101.19,18,77,3.18,broken clouds
Riviere-Au-Renard,CA,48.9957,-64.3971,46.69,53,0,16.55,clear sky
Bathsheba,BB,13.2167,-59.5167,84.81,70,40,11.5,scattered clouds
Shimoda,JP,34.6667,138.95,62.1,93,61,7.34,broken clouds
Alice Springs,AU,-23.7,133.8833,35.15,69,0,0.0,clear sky
Oriximina,BR,-1.7656,-55.8661,84.96,73,26,2.98,scattered clouds
Kahului,US,20.8947,-156.47,77.02,74,40,16.11,scattered clouds
Pisco,PE,-13.7,-76.2167,68.05,83,0,14.97,clear sky
Le Port,RE,-20.9373,55.2919,73.4,76,5,9.71,clear sky
Half Moon Bay,US,37.4636,-122.4286,69.89,63,20,25.32,few clouds
Lasa,IT,46.6166,10.7002,54.48,95,100,4.25,overcast clouds
Karratha,AU,-20.7377,116.8463,75.56,67,57,7.52,broken clouds
Banjar,ID,-8.19,114.9675,78.39,91,74,3.44,broken clouds
The Valley,AI,18.217,-63.0578,84.06,65,40,16.11,scattered clouds
San Cristobal,VE,7.7669,-72.225,77.18,78,82,5.66,broken clouds
Atar,MR,20.5169,-13.0499,99.66,9,5,10.11,clear sky
Tahta,EG,26.7693,31.5021,80.56,11,16,9.62,few clouds
Mount Gambier,AU,-37.8333,140.7667,50.22,86,84,4.79,broken clouds
Malakal,SS,9.5334,31.6605,87.93,48,35,3.4,scattered clouds
Chalchihuites,MX,23.4833,-103.8833,83.84,10,0,15.52,clear sky
Hurup,DK,56.7494,8.4195,46.6,3,6,26.66,clear sky
Sandnessjoen,NO,66.0217,12.6316,34.65,90,100,3.0,overcast clouds
Liling,CN,27.6667,113.5,69.21,95,100,3.13,overcast clouds
Hovd,MN,48.0056,91.6419,60.82,29,100,7.9,overcast clouds
Alpena,US,45.0617,-83.4327,55.72,40,0,6.91,clear sky
Caravelas,BR,-17.7125,-39.2481,75.31,88,86,12.93,overcast clouds
Mizan Teferi,ET,6.9833,35.5833,62.17,94,39,2.68,scattered clouds
Mocuba,MZ,-16.8392,36.9856,66.78,97,7,2.62,clear sky
Mukerian,IN,31.9506,75.6158,84.79,22,0,5.35,clear sky
Longyearbyen,SJ,78.2186,15.6401,13.84,62,75,8.05,broken clouds
Torbay,CA,47.6666,-52.7314,42.89,61,75,19.57,broken clouds
Saint George,US,37.1041,-113.5841,88.79,16,0,20.71,clear sky
San Miguel,SV,13.4833,-88.1833,92.86,59,20,11.5,few clouds
San Antonio,US,29.4241,-98.4936,100.53,45,0,10.36,clear sky
Nantucket,US,41.2835,-70.0995,51.91,81,100,26.46,overcast clouds
San Joaquin,US,37.9333,-121.3011,69.87,43,0,14.97,clear sky
Nabinagar,BD,23.8917,90.9733,80.37,67,0,4.61,clear sky
Adrar,MR,20.5022,-10.0711,93.76,13,12,5.64,few clouds
Naze,JP,28.3667,129.4833,70.72,83,100,5.46,overcast clouds
Itinga,BR,-16.6131,-41.7653,80.1,63,82,8.95,broken clouds
Taksimo,RU,56.3444,114.8794,40.57,56,100,0.83,overcast clouds
Severo-Kurilsk,RU,50.6789,156.125,39.11,90,100,3.24,overcast clouds
Sibolga,ID,1.7427,98.7792,76.03,89,100,0.83,light rain
San Vicente,AR,-26.6167,-54.1333,72.27,42,100,1.61,overcast clouds
Izhma,RU,65.0083,53.9113,39.7,94,79,7.47,broken clouds
Guozhen,CN,34.3659,107.359,57.81,76,38,2.93,scattered clouds
Skibbereen,IE,51.55,-9.2667,55.11,84,100,4.81,overcast clouds
Lavrentiya,RU,65.5833,-171.0,26.01,96,72,6.2,broken clouds
Salamiyah,SY,35.0113,37.0532,57.02,66,1,11.54,clear sky
Lakes Entrance,AU,-37.8811,147.981,55.17,72,100,16.15,overcast clouds
Puerto Del Rosario,ES,28.5004,-13.8627,69.55,78,0,16.11,clear sky
Lahij,YE,13.1667,44.5833,82.9,57,23,4.97,few clouds
Amarpur,IN,25.0333,86.9,84.6,49,1,6.42,clear sky
Tilichiki,RU,60.4667,166.1,31.05,98,100,4.23,overcast clouds
Buala,SB,-8.145,159.5921,80.11,84,86,6.85,light rain
Mogadishu,SO,2.0371,45.3438,82.38,80,82,16.78,broken clouds
Ambilobe,MG,-13.2,49.05,73.76,86,28,4.97,scattered clouds
Sambava,MG,-14.2667,50.1667,76.19,85,19,6.31,light rain
Port Hedland,AU,-20.3167,118.5667,68.05,68,19,5.75,few clouds
Rockland,US,41.1668,-74.0496,52.9,86,100,3.0,light rain
Beloha,MG,-25.1667,45.05,68.9,89,2,3.6,light rain
Rumoi,JP,43.9344,141.6428,44.74,86,75,16.37,light rain
Tiksi,RU,71.6872,128.8694,4.78,97,13,7.36,few clouds
Tamandare,BR,-8.7597,-35.1047,79.7,80,92,5.1,overcast clouds
Hasaki,JP,35.7333,140.8333,61.29,91,19,7.7,few clouds
Umm Lajj,SA,25.0213,37.2685,77.09,50,0,11.18,clear sky
Cidreira,BR,-30.1811,-50.2056,66.78,64,0,6.02,clear sky
Ayorou,NE,14.7308,0.9174,98.31,14,100,5.55,overcast clouds
Chippewa Falls,US,44.9369,-91.3929,72.37,25,0,13.8,clear sky
Narasannapeta,IN,18.4167,84.05,81.5,81,17,3.24,few clouds
Muli,MV,2.9167,73.5667,83.91,78,100,13.71,overcast clouds
San Ramon,US,37.7799,-121.978,69.75,59,75,16.11,broken clouds
Husavik,IS,66.0449,-17.3389,41.9,70,100,2.93,overcast clouds
Svitavy,CZ,49.7559,16.4683,56.89,89,100,0.2,overcast clouds
Kamarion,GR,36.8,25.8167,60.1,80,100,18.84,overcast clouds
Kailua,US,21.4022,-157.7394,77.02,75,75,9.22,broken clouds
Nioro,GM,13.35,-15.75,103.8,12,4,5.17,clear sky
Ketchikan,US,55.3422,-131.6461,48.67,61,75,11.5,broken clouds
Okhotsk,RU,59.3833,143.3,31.64,80,18,8.05,few clouds
Coahuayana,MX,18.7333,-103.6833,90.3,44,55,9.13,broken clouds
Beinamar,TD,8.6698,15.3813,87.48,47,100,3.69,overcast clouds
Tuy Hoa,VN,13.0833,109.3,77.11,91,93,3.13,overcast clouds
Cherskiy,RU,68.75,161.3,28.08,95,100,2.62,overcast clouds
Namibe,AO,-15.1961,12.1522,72.77,72,1,6.89,clear sky
Takaungu,KE,-3.6837,39.8566,79.88,83,34,16.46,scattered clouds
Pasni,PK,25.2631,63.471,81.3,80,0,12.35,clear sky
Aswan,EG,24.0934,32.907,85.3,7,0,8.05,clear sky
Torres,BR,-29.3353,-49.7269,68.83,66,0,7.09,clear sky
Benjamin Aceval,PY,-24.9667,-57.5667,78.94,34,17,3.98,few clouds
Balakliya,UA,49.4627,36.8595,48.78,58,7,6.08,clear sky
Rio Grande,BR,-32.035,-52.0986,75.31,62,0,6.71,clear sky
Casper,US,42.8666,-106.3131,65.71,29,20,19.57,few clouds
Totness,SR,5.8833,-56.3167,79.54,86,92,8.16,moderate rain
Nome,US,64.5011,-165.4064,32.16,93,100,14.97,mist
Nanortalik,GL,60.1432,-45.2371,39.79,74,100,5.53,overcast clouds
Parabel,RU,58.6978,81.4825,26.11,72,100,15.03,overcast clouds
Lavumisa,SZ,-27.31,31.892,64.47,89,0,3.04,clear sky
Rawson,AR,-43.3002,-65.1023,77.49,29,26,12.93,scattered clouds
Ocean City,US,39.2776,-74.5746,50.25,91,100,20.0,moderate rain
Nuzvid,IN,16.7833,80.85,85.73,57,86,7.92,overcast clouds
Port Hardy,CA,50.6996,-127.4199,50.18,62,75,11.5,broken clouds
Prince Rupert,CA,54.3161,-130.3201,47.89,74,75,14.97,broken clouds
Pingliang,CN,35.5392,106.6861,60.26,76,93,2.91,overcast clouds
Machilipatnam,IN,16.1667,81.1333,84.56,77,89,11.25,overcast clouds
Mamallapuram,IN,12.6264,80.1722,87.85,79,69,5.26,broken clouds
Sola,VU,-13.8833,167.55,81.48,71,3,19.3,clear sky
Geraldton,AU,-28.7667,114.6,55.81,88,100,8.05,overcast clouds
Alibag,IN,18.6411,72.8792,86.07,75,5,8.46,clear sky
Tombouctou,ML,20.0,-3.0,92.46,9,0,11.77,clear sky
Vila,PT,42.0304,-8.1588,63.7,50,100,1.36,overcast clouds
Bonga,ET,7.2833,36.2333,61.27,97,35,1.32,scattered clouds
Komsomolskiy,UZ,40.4272,71.7189,70.52,52,0,6.91,clear sky
Palora,EC,-1.7,-77.9333,77.11,70,37,3.42,light rain
Basqal,AZ,40.7552,48.391,46.89,93,100,1.14,light rain
Bahia De Caraquez,EC,-0.6,-80.4167,79.68,82,67,10.54,broken clouds
Ancud,CL,-41.8697,-73.8203,55.36,89,100,18.32,overcast clouds
Tessalit,ML,20.1986,1.0114,91.04,10,5,16.8,clear sky
Saint-Augustin,CA,51.226,-58.6502,40.89,45,100,15.12,overcast clouds
Laguna,US,38.421,-121.4238,72.05,41,0,8.05,clear sky
Narsaq,GL,60.9167,-46.05,53.82,74,100,2.68,overcast clouds
Luena,AO,-11.7833,19.9167,67.35,62,62,2.51,broken clouds
Waingapu,ID,-9.6567,120.2641,78.76,87,30,9.73,scattered clouds
Seoul,KR,37.5683,126.9778,60.37,39,0,8.05,clear sky
Mookane,BW,-23.688,26.6595,71.28,26,98,3.22,overcast clouds
Fangshan,CN,39.6983,115.9925,47.17,85,100,3.69,light rain
Kiama,AU,-34.6833,150.8667,56.37,63,0,11.99,clear sky
Matara,LK,5.9485,80.5353,79.65,91,100,9.69,overcast clouds
Rio Claro,BR,-22.4114,-47.5614,76.01,55,27,4.5,scattered clouds
Kango,GA,0.1943,10.0951,75.97,95,100,1.52,light rain
Santa Cruz,BO,-17.8,-63.1667,83.66,39,0,9.22,clear sky
Liverpool,GB,53.4106,-2.9779,60.15,74,20,5.75,few clouds
Kilindoni,TZ,-7.9139,39.6668,81.88,74,52,16.22,broken clouds
Comodoro Rivadavia,AR,-45.8667,-67.5,73.26,40,0,23.02,clear sky
Katsuura,JP,35.1333,140.3,60.82,93,15,6.06,few clouds
Pokaran,IN,26.9167,71.9167,91.35,13,0,12.46,clear sky
Flinders,AU,-34.5833,150.8552,56.17,63,0,7.0,clear sky
Nelson Bay,AU,-32.7167,152.15,52.0,82,15,1.01,few clouds
Batuan,PH,9.7808,124.1484,74.37,92,76,8.05,broken clouds
Tukrah,LY,32.5341,20.5791,64.45,82,0,8.95,clear sky
Kalmunai,LK,7.4167,81.8167,82.15,80,100,2.28,overcast clouds
Patiya,BD,22.2931,91.9762,77.56,80,7,3.42,clear sky
Lake Havasu City,US,34.4839,-114.3224,97.41,15,0,14.97,clear sky
Bella Union,UY,-30.2752,-57.6007,70.63,64,99,6.62,overcast clouds
Bandarbeyla,SO,9.4942,50.8122,82.51,88,22,10.74,few clouds
Rocha,UY,-34.4833,-54.3333,71.89,56,100,1.88,overcast clouds
Antofagasta,CL,-23.65,-70.4,63.68,74,51,8.05,broken clouds
Morgan City,US,29.6994,-91.2068,88.02,50,18,10.96,few clouds
Moses Lake,US,47.1301,-119.2781,63.28,29,0,19.57,clear sky
Villa Bruzual,VE,9.3328,-69.1208,81.48,74,86,3.8,overcast clouds
Asfi,MA,32.2994,-9.2372,70.54,59,65,21.23,broken clouds
Pangody,RU,65.85,74.4859,4.75,96,11,5.75,few clouds
Lokosovo,RU,61.1333,74.8167,15.58,95,80,4.7,broken clouds
Vigrestad,NO,58.5667,5.7,43.59,61,100,26.78,overcast clouds
Port Keats,AU,-14.25,129.55,73.09,36,0,12.12,clear sky
Seydi,TM,39.4816,62.9137,88.45,19,84,9.04,broken clouds
Katsina,NG,12.9894,7.6006,92.61,25,100,2.46,overcast clouds
Nurota,UZ,40.5614,65.6886,78.33,34,0,8.14,clear sky
Fairbanks,US,64.8378,-147.7164,47.23,90,100,0.0,overcast clouds
San Felipe,VE,10.3399,-68.7425,83.95,69,74,4.32,broken clouds
Ballina,AU,-28.8667,153.5667,64.36,96,100,6.91,light rain
Kavaratti,IN,10.5669,72.642,84.76,71,50,10.51,scattered clouds
Praia Da Vitoria,PT,38.7333,-27.0667,66.76,82,75,2.26,broken clouds
Calatrava,PH,10.595,123.4838,80.74,83,16,6.2,few clouds
Port Lincoln,AU,-34.7333,135.8667,55.63,79,1,2.15,clear sky
Ruti,UG,-0.6336,30.6212,63.39,90,32,3.51,scattered clouds
Olafsvik,IS,64.8945,-23.7142,43.79,84,99,14.85,overcast clouds
Morar,IN,26.2261,78.2261,89.8,14,0,0.72,clear sky
Wuwei,CN,37.9281,102.6414,59.02,30,100,5.06,overcast clouds
Touros,BR,-5.1989,-35.4608,76.35,86,100,13.15,moderate rain
Sakakah,SA,29.9697,40.2064,67.57,21,3,4.76,clear sky
Soure,BR,-0.7167,-48.5233,82.63,74,90,9.06,overcast clouds
Hambantota,LK,6.1241,81.1185,81.16,82,100,13.67,overcast clouds
Dicabisagan,PH,17.0818,122.4157,79.14,87,85,3.49,overcast clouds
Sabang,ID,5.8933,95.3214,81.9,78,100,10.36,light rain
Sarkand,KZ,45.41,79.9186,62.06,48,4,7.56,clear sky
Landsberg,PL,52.7368,15.2288,56.3,85,100,4.14,overcast clouds
Jatai,BR,-17.8814,-51.7144,83.97,28,0,5.55,clear sky
Belyy Yar,RU,53.6039,91.3903,44.49,53,0,13.42,clear sky
Rafsanjan,IR,30.4067,55.9939,67.5,44,92,9.28,overcast clouds
Bela,IN,25.9333,81.9833,88.74,27,0,6.73,clear sky
Yulara,AU,-25.2406,130.9889,44.44,57,0,6.91,clear sky
Hobyo,SO,5.3505,48.5268,83.23,83,7,20.42,clear sky
Abalak,RU,58.1286,68.5944,41.41,91,94,7.36,overcast clouds
Darnah,LY,32.767,22.6367,67.51,61,0,17.74,clear sky
Bambous Virieux,MU,-20.3428,57.7575,77.22,83,75,5.75,light rain
Ranong,TH,9.9658,98.6348,79.41,89,100,5.55,light rain
Boa Vista,BR,2.8197,-60.6733,82.38,74,75,2.3,broken clouds
Liusha,CN,27.2098,108.59,62.8,97,98,1.57,overcast clouds
Orcopampa,PE,-15.2661,-72.3417,61.84,28,12,12.75,few clouds
Iqaluit,CA,63.7506,-68.5145,29.93,42,75,10.36,broken clouds
Marihatag,PH,8.7936,126.2969,78.55,91,100,6.02,overcast clouds
Conceicao Do Araguaia,BR,-8.2578,-49.2647,87.76,58,43,2.39,scattered clouds
Omsukchan,RU,62.5333,155.8,22.42,94,100,3.4,light snow
Buraydah,SA,26.326,43.975,79.25,17,0,10.78,clear sky
Mildura,AU,-34.2,142.15,50.07,100,100,3.44,overcast clouds
Zhigansk,RU,66.7697,123.3711,22.75,89,100,7.74,overcast clouds
Shestakovo,RU,56.4915,103.96,46.81,69,100,5.35,overcast clouds
Tambacounda,SN,13.7539,-13.7586,106.93,10,0,4.41,clear sky
Puerto Escondido,MX,15.85,-97.0667,86.83,70,40,9.22,scattered clouds
Gazli,UZ,40.1333,63.45,86.29,19,8,10.45,clear sky
Anadyr,RU,64.75,177.4833,30.7,80,0,11.18,clear sky
Simbahan,PH,6.3032,120.5836,83.28,80,100,12.86,overcast clouds
Algiers,DZ,36.7525,3.042,62.42,63,0,6.91,clear sky
Palimanan,ID,-6.7069,108.4242,78.35,85,100,2.55,overcast clouds
Owando,CG,-0.4819,15.8999,72.43,97,100,2.95,overcast clouds
Gazanjyk,TM,39.2446,55.5154,70.39,62,100,7.67,overcast clouds
Tambura,SS,5.6,27.4667,74.71,76,100,2.53,overcast clouds
Kiunga,PG,-6.1219,141.2906,74.34,99,100,0.96,overcast clouds
Bilibino,RU,68.0546,166.4372,26.28,93,100,3.06,overcast clouds
Kloulklubed,PW,7.0419,134.2556,77.5,81,100,17.25,light rain
Porosozero,RU,62.7191,32.727,48.63,73,33,13.27,light rain
Tautira,PF,-17.7333,-149.15,80.42,77,6,2.26,clear sky
Ekhabi,RU,53.5102,142.9671,28.02,90,100,3.06,overcast clouds
Okha,RU,53.5739,142.9478,28.81,89,100,3.4,overcast clouds
Padang,ID,-0.9492,100.3543,77.34,86,100,5.48,light rain
Marzuq,YE,14.4,46.4667,76.8,41,100,5.68,overcast clouds
Plettenberg Bay,ZA,-34.0527,23.3716,56.82,85,96,0.58,light rain
Plastun,RU,44.7561,136.2939,41.68,66,21,10.11,few clouds
Pathein,MM,16.7833,94.7333,80.49,78,100,2.17,overcast clouds
Quibor,VE,9.9287,-69.6201,80.58,58,98,8.55,overcast clouds
Petropavlovsk-Kamchatskiy,RU,53.0452,158.6483,39.79,87,0,6.71,clear sky
Shchigry,RU,51.8755,36.9043,46.22,70,82,7.58,broken clouds
Bisho,ZA,-32.8472,27.4422,57.52,98,100,5.35,moderate rain
Upernavik,GL,72.7868,-56.1549,18.84,74,8,7.02,clear sky
Auki,SB,-8.7676,160.7034,77.52,90,100,4.61,overcast clouds
Alofi,NU,-19.0595,-169.9187,75.09,94,75,5.75,light intensity drizzle
Mundwa,IN,27.0667,73.8167,91.18,13,0,10.18,clear sky
Ahmadpur East,PK,29.1431,71.2598,95.22,11,0,6.73,clear sky
Yaan,NG,7.3833,8.5667,85.57,60,100,12.08,overcast clouds
Kropotkin,RU,45.4375,40.5756,46.96,67,100,7.72,overcast clouds
Inirida,CO,3.8653,-67.9239,77.99,93,99,1.03,overcast clouds
Cuenca,EC,-2.8833,-78.9833,71.73,49,75,5.75,broken clouds
Ostrovnoy,RU,68.0531,39.5131,38.98,100,100,14.18,light rain
Amuntai,ID,-2.4177,115.2494,74.37,98,100,0.54,heavy intensity rain
Rumonge,BI,-3.9736,29.4386,71.01,83,90,5.84,overcast clouds
Esna,EG,25.2934,32.554,82.42,9,8,9.42,clear sky
Riyadh,SA,24.6877,46.7219,80.74,18,0,15.75,clear sky
Richards Bay,ZA,-28.783,32.0377,68.09,90,3,2.48,clear sky
Skegness,GB,53.1436,0.3363,53.67,87,9,12.88,clear sky
Poronaysk,RU,49.2167,143.1167,32.36,99,100,19.15,snow
Baykit,RU,61.67,96.37,29.3,88,100,12.24,overcast clouds
Kikwit,CD,-5.041,18.8162,72.48,94,100,2.8,light rain
Altamont,US,42.2068,-121.7372,48.76,77,75,18.41,broken clouds
Nendaz,CH,46.1833,7.3,49.98,94,90,3.33,overcast clouds
Kommunar,RU,59.6206,30.39,52.36,81,100,4.07,overcast clouds
Port Blair,IN,11.6667,92.75,80.64,83,75,8.05,light intensity drizzle
Westport,US,41.1415,-73.3579,53.15,81,100,7.0,moderate rain
Pangoa,PE,-12.1167,-73.0,82.11,55,83,3.09,broken clouds
Pahrump,US,36.2083,-115.9839,83.5,19,14,11.99,few clouds
Mount Pleasant,US,32.7941,-79.8626,78.01,49,75,17.27,broken clouds
Mahon,ES,39.8885,4.2658,63.16,63,20,4.61,few clouds
Galesong,ID,-5.3166,119.3661,77.02,85,59,4.88,broken clouds
Muskogee,US,35.5834,-95.3336,81.75,59,0,9.22,clear sky
Severnyy,RU,50.677,36.5532,53.64,32,0,4.47,clear sky
Shabrovskiy,RU,56.636,60.5807,38.01,65,0,4.47,clear sky
Berlevag,NO,70.8578,29.0864,37.35,81,100,26.46,overcast clouds
Kama,RU,56.3051,54.0936,46.9,69,55,5.3,broken clouds
Sinnamary,GF,5.3833,-52.95,80.89,83,99,10.56,overcast clouds
Tabuk,PH,17.4189,121.4443,75.07,90,99,3.49,overcast clouds
Freeport,US,40.6576,-73.5832,49.01,82,100,23.02,moderate rain
Humaita,BR,-7.5061,-63.0208,78.66,93,100,2.53,overcast clouds
Verkhnyaya Inta,RU,65.9811,60.3094,36.41,96,100,8.63,overcast clouds
Ayan,RU,56.45,138.1667,33.58,76,8,10.45,clear sky
Ardesen,TR,41.1911,40.9875,53.08,86,100,7.02,overcast clouds
Gotsu,JP,35.0,132.2167,56.91,77,100,11.14,overcast clouds
Newcastle,AU,-32.9272,151.7765,51.71,74,0,13.8,clear sky
Ptichye,RU,45.5168,41.7115,47.84,81,100,6.49,overcast clouds
Port-Cartier,CA,50.0334,-66.8654,43.75,56,97,2.62,overcast clouds
Boguchany,RU,58.3814,97.4531,35.74,58,61,14.76,broken clouds
Frontera,MX,26.9333,-101.45,103.75,31,20,5.75,few clouds
Sorong,ID,-0.8833,131.25,79.9,84,14,3.85,few clouds
Shatrovo,RU,56.5167,64.6333,44.65,64,17,8.93,few clouds
Nyurba,RU,63.2842,118.3319,34.75,91,100,6.4,overcast clouds
Emerald,AU,-23.5333,148.1667,57.34,88,100,9.22,overcast clouds
Kapoeta,SS,4.7717,33.5903,82.54,50,18,7.0,few clouds
Pampa,US,35.5362,-100.9599,96.57,33,0,19.57,clear sky
Valparaiso,CL,-33.0393,-71.6273,55.63,88,100,4.61,fog
Erdenet,MN,49.0333,104.0833,44.04,67,0,6.11,clear sky
Sorland,NO,67.667,12.6934,37.65,56,99,24.56,overcast clouds
Galle,LK,6.0367,80.217,81.84,88,99,10.98,overcast clouds
Sao Desiderio,BR,-12.3633,-44.9733,92.7,28,5,8.86,clear sky
Zhoucun,CN,36.8167,117.8167,51.98,24,100,4.41,overcast clouds
Acapulco,MX,16.8634,-99.8901,84.02,70,100,10.36,overcast clouds
Mamonovo,RU,54.4643,19.938,49.55,90,99,4.07,overcast clouds
Brainerd,US,46.358,-94.2008,73.42,28,0,24.16,clear sky
Bay-Khaak,RU,51.1667,94.5,52.97,51,0,5.66,clear sky
Teluknaga,ID,-6.0989,106.6381,80.64,88,20,9.22,light rain
Pochutla,MX,15.7432,-96.4661,93.81,32,96,7.87,overcast clouds
Prince Albert,CA,53.2001,-105.7677,53.55,47,100,3.44,light rain
Rosetta,EG,31.4044,30.4164,64.83,69,99,6.89,overcast clouds
Manado,ID,1.487,124.8455,77.77,100,40,2.3,scattered clouds
Inongo,CD,-1.95,18.2667,73.18,91,100,5.06,overcast clouds
Shakawe,BW,-18.3667,21.85,67.46,32,1,1.74,clear sky
Korla,CN,41.7597,86.1469,73.83,34,78,7.45,broken clouds
Gourcy,BF,13.2167,-2.35,92.03,31,77,14.47,broken clouds
Fare,PF,-16.7,-151.0167,81.3,75,3,6.11,clear sky
Dunedin,NZ,-45.8742,170.5036,61.81,57,100,3.94,light rain
Innisfail,AU,-17.5333,146.0333,74.53,93,98,3.18,overcast clouds
Taltal,CL,-25.4,-70.4833,61.43,81,59,3.94,broken clouds
Ambon,ID,-3.6954,128.1814,75.34,94,40,5.75,light rain
Ponnani,IN,10.767,75.9252,74.52,80,100,6.02,light rain
Adeje,ES,28.1227,-16.726,70.56,70,0,16.11,clear sky
Kampot,KH,10.6167,104.1833,78.44,90,100,4.7,overcast clouds
Kerman,IR,30.2832,57.0788,64.26,45,20,13.8,few clouds
Adilcevaz,TR,38.8039,42.7342,45.07,81,100,10.27,light rain
Mokobeng,BW,-22.9965,27.6678,70.83,25,100,2.19,overcast clouds
Kadarkut,HU,46.2362,17.6201,57.02,76,100,2.77,overcast clouds
Kuytun,RU,54.3419,101.5036,42.78,72,100,14.03,overcast clouds
Biltine,TD,14.5333,20.9167,92.17,10,51,9.15,broken clouds
Armidale,AU,-30.5167,151.65,37.36,58,100,0.92,overcast clouds
Maniitsoq,GL,65.4167,-52.9,32.88,73,8,11.21,clear sky
Zhicheng,CN,30.2956,111.5047,66.11,79,24,4.05,few clouds
Kattivakkam,IN,13.2167,80.3167,87.89,89,100,6.62,overcast clouds
Panzhihua,CN,26.5851,101.7128,65.84,82,47,1.66,scattered clouds
Ulcinj,ME,41.9294,19.2244,66.42,84,100,8.37,overcast clouds
Funadhoo,MV,6.15,73.2667,84.7,75,96,13.02,overcast clouds
Liberal,US,37.0431,-100.921,87.04,47,0,19.57,clear sky
Vryburg,ZA,-26.9566,24.7284,60.03,44,38,4.03,scattered clouds
Vesyegonsk,RU,58.664,37.2604,51.84,74,58,10.27,broken clouds
Miri,MY,4.4148,114.0089,78.94,94,40,2.3,light rain
Xuanhua,CN,40.6103,115.0447,43.88,87,100,5.84,moderate rain
Hurghada,EG,27.2574,33.8129,77.04,44,0,5.75,clear sky
Najran,SA,17.4924,44.1277,83.05,39,39,9.28,scattered clouds
Ovsyanka,RU,55.9575,92.5519,40.23,54,72,13.4,broken clouds
Rawah,IQ,34.4816,41.9093,67.39,31,2,6.2,clear sky
Kamenka,RU,51.3223,42.7678,44.33,53,0,7.38,clear sky
Mareeba,AU,-17.0,145.4333,72.32,93,99,2.91,overcast clouds
Newry,GB,54.1784,-6.3374,54.1,76,100,4.81,overcast clouds
Aripuana,BR,-9.1667,-60.6333,82.17,74,98,1.72,overcast clouds
Robinson,US,31.4677,-97.1147,92.01,62,0,13.8,clear sky
Zharkovskiy,RU,55.849,32.2697,48.78,93,76,8.63,broken clouds
Cam Ranh,VN,11.9214,109.1591,78.76,83,40,3.44,scattered clouds
Foz,ES,43.5692,-7.2544,55.22,96,100,3.67,overcast clouds
Tyrma,RU,50.0833,132.1667,30.33,86,8,3.02,clear sky
Byron Bay,AU,-28.65,153.6167,64.29,90,99,10.07,moderate rain
Sendhwa,IN,21.6833,75.1,90.63,19,7,6.11,clear sky
Haines Junction,CA,60.7522,-137.5108,35.55,87,100,2.3,overcast clouds
Roma,US,43.2128,-75.4557,62.74,21,0,8.05,clear sky
Mgandu,TZ,-5.95,34.1333,64.17,71,50,5.66,scattered clouds
Dangriga,BZ,16.9692,-88.2321,84.43,78,100,11.14,overcast clouds
Tezu,IN,27.9167,96.1667,72.54,78,48,4.61,scattered clouds
Aginskoye,RU,51.1,114.53,45.86,56,14,7.45,few clouds
Lang Suan,TH,9.9456,99.0785,79.56,89,100,6.85,light rain
Aklavik,CA,68.2191,-135.0107,39.2,56,20,9.22,few clouds
Moga,IN,30.8,75.1667,89.2,16,0,4.74,clear sky
Lujiang,CN,31.2581,117.2817,63.9,87,99,9.84,overcast clouds
Baiyin,CN,36.5583,104.2081,59.94,23,100,14.23,overcast clouds
Hofn,IS,64.2539,-15.2082,44.1,77,10,11.74,clear sky
Floriano,BR,-6.7669,-43.0225,89.42,45,70,2.62,broken clouds
Jacmel,HT,18.2342,-72.5347,87.64,71,0,8.79,clear sky
Sulangan,PH,11.1373,123.7228,82.71,77,13,13.71,few clouds
Khislavichi,RU,54.1871,32.1582,50.61,79,98,10.83,overcast clouds
Conceicao Do Rio Verde,BR,-21.8808,-45.0853,70.52,70,0,2.24,clear sky
Lukovetskiy,RU,64.2956,41.9211,47.32,86,13,10.49,few clouds
Parauna,BR,-16.9478,-50.4486,82.83,49,2,6.24,clear sky
Isangel,VU,-19.55,169.2667,74.98,64,15,17.63,few clouds
Olinda,BR,-8.0089,-34.8553,78.53,83,75,4.61,broken clouds
Hanna,CA,51.6334,-111.9018,53.85,41,94,5.01,overcast clouds
Pangkalanbuun,ID,-2.6833,111.6167,74.7,98,100,1.36,overcast clouds
Valverde Del Camino,ES,37.5751,-6.7543,68.04,51,67,3.87,broken clouds
Strezhevoy,RU,60.7333,77.5889,19.13,91,7,6.31,clear sky
Mudkhed,IN,19.1667,77.5167,92.35,23,51,2.53,broken clouds
Myitkyina,MM,25.3833,97.4,73.49,70,9,1.25,clear sky
Darlowo,PL,54.421,16.4107,48.47,89,30,8.3,scattered clouds
Irituia,BR,-1.7711,-47.4381,79.86,94,46,3.2,moderate rain
Manggar,ID,-2.8833,108.2667,80.83,82,91,5.39,overcast clouds
Talara,PE,-4.5772,-81.2719,79.56,61,0,19.57,clear sky
Tighnabruaich,GB,55.9016,-5.2398,51.71,82,94,2.1,overcast clouds
Goba,ET,7.0167,39.9833,51.35,72,71,5.91,broken clouds
Maragogi,BR,-9.0122,-35.2225,77.68,83,44,7.02,scattered clouds
Verkhoyansk,RU,67.5447,133.385,11.95,90,93,2.44,overcast clouds
Kabo,CF,7.6994,18.629,78.42,62,89,3.53,overcast clouds
Vila Velha,BR,-20.3297,-40.2925,76.95,73,20,14.97,few clouds
Salinopolis,BR,-0.6136,-47.3561,80.02,86,84,7.09,broken clouds
Komsomolets,KZ,53.7453,62.0708,45.75,34,0,5.7,clear sky
Tierralta,CO,8.1736,-76.0592,88.41,63,30,5.73,scattered clouds
Kalemie,CD,-5.9475,29.1947,71.83,80,90,2.62,overcast clouds
Ahipara,NZ,-35.1667,173.1667,56.86,84,28,3.6,scattered clouds
Miranda De Ebro,ES,42.6865,-2.947,59.45,83,4,4.0,clear sky
Tahoua,NE,14.8888,5.2692,95.13,13,100,9.17,overcast clouds
Calama,CL,-22.4667,-68.9333,64.89,25,40,25.32,scattered clouds
Warri,NG,5.5167,5.75,77.9,93,79,4.21,broken clouds
Bonoua,CI,5.2741,-3.595,82.02,82,99,4.88,overcast clouds
Ossora,RU,59.2353,163.0719,36.28,68,91,27.56,overcast clouds
Molchanovo,RU,57.5817,83.7692,28.58,63,100,11.54,overcast clouds
Gandajika,CD,-6.75,23.95,72.54,74,65,3.76,broken clouds
Kushiro,JP,42.975,144.3747,44.15,97,100,16.6,moderate rain
Beysehir,TR,37.6773,31.7246,44.26,67,8,3.94,clear sky
Makakilo City,US,21.3469,-158.0858,75.56,65,100,11.5,overcast clouds
Alamosa,US,37.4695,-105.87,75.18,12,0,16.11,clear sky
Evensk,RU,61.95,159.2333,31.26,98,100,15.08,light snow
Waseca,US,44.0777,-93.5074,72.09,32,2,18.3,clear sky
Sumbe,AO,-11.2061,13.8437,76.91,84,80,3.27,broken clouds
Cabedelo,BR,-6.9811,-34.8339,81.27,79,100,9.48,overcast clouds
Henties Bay,NA,-22.116,14.2845,58.05,86,0,12.8,clear sky
Chenghai,CN,23.4632,116.768,71.51,100,20,4.47,mist
Callaway,US,30.153,-85.5699,82.45,58,20,17.27,few clouds
Sao Raimundo Nonato,BR,-9.0153,-42.6994,90.12,24,1,6.62,clear sky
Konevo,RU,62.1215,39.3192,50.58,82,87,10.8,overcast clouds
Fremont,US,37.5483,-121.9886,71.96,55,40,17.27,scattered clouds
Cabo San Lucas,MX,22.8909,-109.9124,88.9,26,0,3.44,clear sky
Houma,US,29.5958,-90.7195,89.02,63,40,9.22,scattered clouds
Bonthe,SL,7.5264,-12.505,81.57,81,79,9.24,broken clouds
Lloro,CO,5.4961,-76.5495,89.55,52,99,2.28,overcast clouds
Methoni,GR,36.8197,21.7049,64.26,74,95,8.19,overcast clouds
Sobolevo,RU,54.4299,31.8996,49.84,84,99,10.67,overcast clouds
Zharkent,KZ,44.1628,80.0,65.89,61,21,3.8,few clouds
Nhulunbuy,AU,-12.2333,136.7667,81.21,78,75,11.5,broken clouds
Abadan,IR,30.3392,48.3043,82.35,24,0,13.8,dust
San Patricio,US,28.017,-97.5169,97.52,38,0,14.88,clear sky
Kualakapuas,ID,-3.0091,114.3876,74.82,98,85,2.33,moderate rain
Hirara,JP,24.8,125.2833,77.79,81,63,3.04,broken clouds
Lecce,IT,40.2167,18.1667,63.36,82,40,8.05,scattered clouds
Kyzyl,RU,51.7,94.45,50.76,63,93,13.65,overcast clouds
Novyy Urengoy,RU,66.0833,76.6333,1.92,99,57,6.22,broken clouds
Barberton,ZA,-25.7884,31.0532,63.7,45,83,0.74,broken clouds
Laibin,CN,23.7,109.2667,72.81,91,98,2.51,overcast clouds
Pasighat,IN,28.0667,95.3333,73.9,75,33,3.69,scattered clouds
Boden,SE,65.8252,21.6886,42.8,62,98,7.49,overcast clouds
Mercedes,AR,-34.6515,-59.4307,76.86,45,42,8.48,scattered clouds
Mecca,SA,21.4267,39.8261,78.22,46,0,8.43,clear sky
Florence,IT,43.7667,11.25,63.54,72,40,10.36,scattered clouds
Esso,RU,55.9333,158.7,34.43,85,40,4.65,scattered clouds
Ibirite,BR,-20.0219,-44.0589,79.56,53,40,6.91,scattered clouds
Kachug,RU,53.9606,105.8817,45.57,63,24,1.07,few clouds
Araouane,ML,18.9048,-3.5265,92.64,11,0,11.88,clear sky
Lapua,FI,62.9693,23.0088,43.48,58,17,8.5,few clouds
Igarka,RU,67.4667,86.5833,10.53,87,41,22.75,scattered clouds
Dzhebariki-Khaya,RU,62.2167,135.8,32.61,95,100,1.7,overcast clouds
